,uid,pairid,lalco,ldep,llife,lcrim,ralco,rdep,rlife,rcrim,secElasped,chosen,order,alcodiff,depdiff,lifediff,crimdiff,gender,age,numberOfChildren,employment,maritalStatus,ethnicity,political,religion,religiousness,econStatus,pairid
3000,4,random,0,0,2,1,0,0,3,1,49,0,0,0,0,-1,0,Female,18-24 years old,0,Student,Never been married,Hispanic/Latino,Somewhat conservative,Christian/Catholic,Very religious,61,random
3001,4,random,0,1,3,1,4,2,1,2,42,0,1,-4,-1,2,-1,Female,18-24 years old,0,Student,Never been married,Hispanic/Latino,Somewhat conservative,Christian/Catholic,Very religious,61,random
3002,4,random,0,1,2,1,0,1,1,1,35,0,2,0,0,1,0,Female,18-24 years old,0,Student,Never been married,Hispanic/Latino,Somewhat conservative,Christian/Catholic,Very religious,61,random
3003,4,random,4,1,1,2,2,0,3,2,3,1,3,2,1,-2,0,Female,18-24 years old,0,Student,Never been married,Hispanic/Latino,Somewhat conservative,Christian/Catholic,Very religious,61,random
3004,4,random,0,1,2,0,4,2,2,0,2,0,4,-4,-1,0,0,Female,18-24 years old,0,Student,Never been married,Hispanic/Latino,Somewhat conservative,Christian/Catholic,Very religious,61,random
3005,4,random,0,2,3,0,0,2,3,1,4,1,5,0,0,0,-1,Female,18-24 years old,0,Student,Never been married,Hispanic/Latino,Somewhat conservative,Christian/Catholic,Very religious,61,random
3006,4,hard1,0,0,2,2,2,2,2,0,2,0,6,-2,-2,0,2,Female,18-24 years old,0,Student,Never been married,Hispanic/Latino,Somewhat conservative,Christian/Catholic,Very religious,61,hard1
3007,4,random,2,0,1,2,0,2,2,0,2,0,7,2,-2,-1,2,Female,18-24 years old,0,Student,Never been married,Hispanic/Latino,Somewhat conservative,Christian/Catholic,Very religious,61,random
3008,4,random,0,1,2,2,0,0,1,2,2,1,8,0,1,1,0,Female,18-24 years old,0,Student,Never been married,Hispanic/Latino,Somewhat conservative,Christian/Catholic,Very religious,61,random
3009,4,random,4,1,3,0,4,2,3,2,2,0,9,0,-1,0,-2,Female,18-24 years old,0,Student,Never been married,Hispanic/Latino,Somewhat conservative,Christian/Catholic,Very religious,61,random
3010,4,random,2,0,1,1,4,2,1,0,3,0,10,-2,-2,0,1,Female,18-24 years old,0,Student,Never been married,Hispanic/Latino,Somewhat conservative,Christian/Catholic,Very religious,61,random
3011,4,random,2,2,3,1,4,0,2,2,70,1,11,-2,2,1,-1,Female,18-24 years old,0,Student,Never been married,Hispanic/Latino,Somewhat conservative,Christian/Catholic,Very religious,61,random
3012,4,random,4,0,3,2,2,0,1,0,3,1,12,2,0,2,2,Female,18-24 years old,0,Student,Never been married,Hispanic/Latino,Somewhat conservative,Christian/Catholic,Very religious,61,random
3013,4,random,0,2,3,1,2,1,2,2,2,0,13,-2,1,1,-1,Female,18-24 years old,0,Student,Never been married,Hispanic/Latino,Somewhat conservative,Christian/Catholic,Very religious,61,random
3014,4,random,4,2,3,2,4,1,1,0,3,0,14,0,1,2,2,Female,18-24 years old,0,Student,Never been married,Hispanic/Latino,Somewhat conservative,Christian/Catholic,Very religious,61,random
3015,4,random,0,0,3,1,2,0,2,1,57,0,15,-2,0,1,0,Female,18-24 years old,0,Student,Never been married,Hispanic/Latino,Somewhat conservative,Christian/Catholic,Very religious,61,random
3016,4,random,0,2,2,2,2,2,3,1,21,1,16,-2,0,-1,1,Female,18-24 years old,0,Student,Never been married,Hispanic/Latino,Somewhat conservative,Christian/Catholic,Very religious,61,random
3017,4,random,4,2,2,0,2,0,1,2,67,1,17,2,2,1,-2,Female,18-24 years old,0,Student,Never been married,Hispanic/Latino,Somewhat conservative,Christian/Catholic,Very religious,61,random
3018,4,random,0,1,1,2,4,2,2,2,3,0,18,-4,-1,-1,0,Female,18-24 years old,0,Student,Never been married,Hispanic/Latino,Somewhat conservative,Christian/Catholic,Very religious,61,random
3019,4,random,0,1,1,0,2,0,3,0,2,1,19,-2,1,-2,0,Female,18-24 years old,0,Student,Never been married,Hispanic/Latino,Somewhat conservative,Christian/Catholic,Very religious,61,random
3020,4,random,2,1,3,1,2,1,2,1,4,0,20,0,0,1,0,Female,18-24 years old,0,Student,Never been married,Hispanic/Latino,Somewhat conservative,Christian/Catholic,Very religious,61,random
3021,4,random,4,0,3,0,4,2,3,1,3,1,21,0,-2,0,-1,Female,18-24 years old,0,Student,Never been married,Hispanic/Latino,Somewhat conservative,Christian/Catholic,Very religious,61,random
3022,4,random,4,2,3,2,4,1,3,0,2,0,22,0,1,0,2,Female,18-24 years old,0,Student,Never been married,Hispanic/Latino,Somewhat conservative,Christian/Catholic,Very religious,61,random
3023,4,random,2,0,1,1,2,1,2,2,2,1,23,0,-1,-1,-1,Female,18-24 years old,0,Student,Never been married,Hispanic/Latino,Somewhat conservative,Christian/Catholic,Very religious,61,random
3024,4,random,2,0,2,2,4,2,1,2,2,0,24,-2,-2,1,0,Female,18-24 years old,0,Student,Never been married,Hispanic/Latino,Somewhat conservative,Christian/Catholic,Very religious,61,random
3025,4,hard3,0,1,2,2,2,0,2,0,7,1,25,-2,1,0,2,Female,18-24 years old,0,Student,Never been married,Hispanic/Latino,Somewhat conservative,Christian/Catholic,Very religious,61,hard3
3026,4,random,4,2,2,1,2,2,1,1,5,0,26,2,0,1,0,Female,18-24 years old,0,Student,Never been married,Hispanic/Latino,Somewhat conservative,Christian/Catholic,Very religious,61,random
3027,4,random,4,1,1,0,0,1,2,1,3,1,27,4,0,-1,-1,Female,18-24 years old,0,Student,Never been married,Hispanic/Latino,Somewhat conservative,Christian/Catholic,Very religious,61,random
3028,4,random,0,0,1,1,2,0,3,2,4,0,28,-2,0,-2,-1,Female,18-24 years old,0,Student,Never been married,Hispanic/Latino,Somewhat conservative,Christian/Catholic,Very religious,61,random
3029,4,random,2,2,2,1,0,2,3,2,3,0,29,2,0,-1,-1,Female,18-24 years old,0,Student,Never been married,Hispanic/Latino,Somewhat conservative,Christian/Catholic,Very religious,61,random
3030,4,easy2,0,2,3,0,4,0,1,2,42,1,30,-4,2,2,-2,Female,18-24 years old,0,Student,Never been married,Hispanic/Latino,Somewhat conservative,Christian/Catholic,Very religious,61,easy2
3031,4,easy1,4,0,1,2,0,0,3,0,2,0,31,4,0,-2,2,Female,18-24 years old,0,Student,Never been married,Hispanic/Latino,Somewhat conservative,Christian/Catholic,Very religious,61,easy1
3032,4,random,2,0,1,0,0,0,2,1,2,0,32,2,0,-1,-1,Female,18-24 years old,0,Student,Never been married,Hispanic/Latino,Somewhat conservative,Christian/Catholic,Very religious,61,random
3033,4,random,4,1,1,0,2,1,2,1,2,0,33,2,0,-1,-1,Female,18-24 years old,0,Student,Never been married,Hispanic/Latino,Somewhat conservative,Christian/Catholic,Very religious,61,random
3034,4,random,4,0,3,1,2,1,3,0,82,0,34,2,-1,0,1,Female,18-24 years old,0,Student,Never been married,Hispanic/Latino,Somewhat conservative,Christian/Catholic,Very religious,61,random
3035,4,random,4,0,2,2,0,0,3,0,54,0,35,4,0,-1,2,Female,18-24 years old,0,Student,Never been married,Hispanic/Latino,Somewhat conservative,Christian/Catholic,Very religious,61,random
3036,4,attcheck,4,0,-1,2,0,2,3,0,3,0,36,4,-2,-4,2,Female,18-24 years old,0,Student,Never been married,Hispanic/Latino,Somewhat conservative,Christian/Catholic,Very religious,61,attcheck
3037,4,hard2,2,1,2,0,0,0,2,1,2,1,37,2,1,0,-1,Female,18-24 years old,0,Student,Never been married,Hispanic/Latino,Somewhat conservative,Christian/Catholic,Very religious,61,hard2
3038,4,attcheck,4,0,-1,2,0,2,3,0,2,0,38,4,-2,-4,2,Female,18-24 years old,0,Student,Never been married,Hispanic/Latino,Somewhat conservative,Christian/Catholic,Very religious,61,attcheck
3039,4,random,4,0,3,1,2,2,3,0,2,0,39,2,-2,0,1,Female,18-24 years old,0,Student,Never been married,Hispanic/Latino,Somewhat conservative,Christian/Catholic,Very religious,61,random
3040,4,random,0,2,3,1,2,1,3,2,4,1,40,-2,1,0,-1,Female,18-24 years old,0,Student,Never been married,Hispanic/Latino,Somewhat conservative,Christian/Catholic,Very religious,61,random
3041,4,random,2,0,2,1,2,2,3,1,2,0,41,0,-2,-1,0,Female,18-24 years old,0,Student,Never been married,Hispanic/Latino,Somewhat conservative,Christian/Catholic,Very religious,61,random
3042,4,attcheck,4,0,-1,2,0,2,3,0,2,0,42,4,-2,-4,2,Female,18-24 years old,0,Student,Never been married,Hispanic/Latino,Somewhat conservative,Christian/Catholic,Very religious,61,attcheck
3043,4,random,2,0,3,1,2,2,2,2,2,0,43,0,-2,1,-1,Female,18-24 years old,0,Student,Never been married,Hispanic/Latino,Somewhat conservative,Christian/Catholic,Very religious,61,random
3044,4,random,4,1,1,0,4,0,1,2,3,1,44,0,1,0,-2,Female,18-24 years old,0,Student,Never been married,Hispanic/Latino,Somewhat conservative,Christian/Catholic,Very religious,61,random
3045,4,random,2,0,1,0,4,2,2,1,2,0,45,-2,-2,-1,-1,Female,18-24 years old,0,Student,Never been married,Hispanic/Latino,Somewhat conservative,Christian/Catholic,Very religious,61,random
3046,4,random,0,0,3,1,2,2,1,1,2,0,46,-2,-2,2,0,Female,18-24 years old,0,Student,Never been married,Hispanic/Latino,Somewhat conservative,Christian/Catholic,Very religious,61,random
3047,4,random,2,0,1,0,4,1,2,2,2,0,47,-2,-1,-1,-2,Female,18-24 years old,0,Student,Never been married,Hispanic/Latino,Somewhat conservative,Christian/Catholic,Very religious,61,random
3048,4,random,0,0,2,1,2,2,3,0,3,0,48,-2,-2,-1,1,Female,18-24 years old,0,Student,Never been married,Hispanic/Latino,Somewhat conservative,Christian/Catholic,Very religious,61,random
3049,4,random,4,0,3,1,0,1,1,0,5,0,49,4,-1,2,1,Female,18-24 years old,0,Student,Never been married,Hispanic/Latino,Somewhat conservative,Christian/Catholic,Very religious,61,random
3050,4,random,4,2,1,1,0,0,1,0,2,1,50,4,2,0,1,Female,18-24 years old,0,Student,Never been married,Hispanic/Latino,Somewhat conservative,Christian/Catholic,Very religious,61,random
3051,4,random,0,0,3,1,4,2,3,0,2,0,51,-4,-2,0,1,Female,18-24 years old,0,Student,Never been married,Hispanic/Latino,Somewhat conservative,Christian/Catholic,Very religious,61,random
3052,4,easy3,4,0,1,2,0,1,3,0,3,0,52,4,-1,-2,2,Female,18-24 years old,0,Student,Never been married,Hispanic/Latino,Somewhat conservative,Christian/Catholic,Very religious,61,easy3
3053,4,random,2,0,3,2,2,1,3,1,2,0,53,0,-1,0,1,Female,18-24 years old,0,Student,Never been married,Hispanic/Latino,Somewhat conservative,Christian/Catholic,Very religious,61,random
3054,4,random,0,2,2,1,0,0,1,1,2,1,54,0,2,1,0,Female,18-24 years old,0,Student,Never been married,Hispanic/Latino,Somewhat conservative,Christian/Catholic,Very religious,61,random
3055,4,random,2,0,2,2,2,2,1,2,2,0,55,0,-2,1,0,Female,18-24 years old,0,Student,Never been married,Hispanic/Latino,Somewhat conservative,Christian/Catholic,Very religious,61,random
3056,4,random,2,0,2,2,2,2,2,0,2,0,56,0,-2,0,2,Female,18-24 years old,0,Student,Never been married,Hispanic/Latino,Somewhat conservative,Christian/Catholic,Very religious,61,random
3057,4,random,2,2,3,2,0,2,3,1,4,0,57,2,0,0,1,Female,18-24 years old,0,Student,Never been married,Hispanic/Latino,Somewhat conservative,Christian/Catholic,Very religious,61,random
3058,4,random,2,1,1,2,0,0,2,2,2,1,58,2,1,-1,0,Female,18-24 years old,0,Student,Never been married,Hispanic/Latino,Somewhat conservative,Christian/Catholic,Very religious,61,random
3059,4,random,4,0,1,0,0,1,2,1,2,0,59,4,-1,-1,-1,Female,18-24 years old,0,Student,Never been married,Hispanic/Latino,Somewhat conservative,Christian/Catholic,Very religious,61,random
4200,4,random,4,2,2,1,4,1,3,0,20,1,0,0,1,-1,1,Female,18-24 years old,0,Student,Never been married,Hispanic/Latino,Somewhat conservative,Christian/Catholic,Very religious,61,random
4201,4,random,0,0,1,0,4,1,1,2,2,0,1,-4,-1,0,-2,Female,18-24 years old,0,Student,Never been married,Hispanic/Latino,Somewhat conservative,Christian/Catholic,Very religious,61,random
4202,4,random,4,2,2,2,0,0,3,2,2,1,2,4,2,-1,0,Female,18-24 years old,0,Student,Never been married,Hispanic/Latino,Somewhat conservative,Christian/Catholic,Very religious,61,random
4203,4,random,0,1,3,1,0,2,1,1,5,0,3,0,-1,2,0,Female,18-24 years old,0,Student,Never been married,Hispanic/Latino,Somewhat conservative,Christian/Catholic,Very religious,61,random
4204,4,random,4,2,1,1,0,0,3,2,3,1,4,4,2,-2,-1,Female,18-24 years old,0,Student,Never been married,Hispanic/Latino,Somewhat conservative,Christian/Catholic,Very religious,61,random
4205,4,easy3,0,1,3,0,4,0,1,2,1,1,5,-4,1,2,-2,Female,18-24 years old,0,Student,Never been married,Hispanic/Latino,Somewhat conservative,Christian/Catholic,Very religious,61,easy3
4206,4,random,4,0,1,2,2,0,2,0,8,0,6,2,0,-1,2,Female,18-24 years old,0,Student,Never been married,Hispanic/Latino,Somewhat conservative,Christian/Catholic,Very religious,61,random
4207,4,easy2,4,0,1,2,0,2,3,0,2,0,7,4,-2,-2,2,Female,18-24 years old,0,Student,Never been married,Hispanic/Latino,Somewhat conservative,Christian/Catholic,Very religious,61,easy2
4208,4,random,2,2,3,2,4,2,1,2,2,0,8,-2,0,2,0,Female,18-24 years old,0,Student,Never been married,Hispanic/Latino,Somewhat conservative,Christian/Catholic,Very religious,61,random
4209,4,random,4,1,3,0,0,0,1,2,2,1,9,4,1,2,-2,Female,18-24 years old,0,Student,Never been married,Hispanic/Latino,Somewhat conservative,Christian/Catholic,Very religious,61,random
4210,4,random,2,0,1,1,0,0,1,1,2,0,10,2,0,0,0,Female,18-24 years old,0,Student,Never been married,Hispanic/Latino,Somewhat conservative,Christian/Catholic,Very religious,61,random
4211,4,random,4,0,2,1,0,2,3,2,2,0,11,4,-2,-1,-1,Female,18-24 years old,0,Student,Never been married,Hispanic/Latino,Somewhat conservative,Christian/Catholic,Very religious,61,random
4212,4,random,0,1,2,1,4,0,2,1,2,1,12,-4,1,0,0,Female,18-24 years old,0,Student,Never been married,Hispanic/Latino,Somewhat conservative,Christian/Catholic,Very religious,61,random
4213,4,random,2,1,1,2,4,0,1,0,2,1,13,-2,1,0,2,Female,18-24 years old,0,Student,Never been married,Hispanic/Latino,Somewhat conservative,Christian/Catholic,Very religious,61,random
4214,4,attcheck,4,0,-1,2,0,2,3,0,2,0,14,4,-2,-4,2,Female,18-24 years old,0,Student,Never been married,Hispanic/Latino,Somewhat conservative,Christian/Catholic,Very religious,61,attcheck
4215,4,hard3,2,0,2,0,0,1,2,2,3,0,15,2,-1,0,-2,Female,18-24 years old,0,Student,Never been married,Hispanic/Latino,Somewhat conservative,Christian/Catholic,Very religious,61,hard3
4216,4,random,0,1,2,1,2,0,2,0,2,1,16,-2,1,0,1,Female,18-24 years old,0,Student,Never been married,Hispanic/Latino,Somewhat conservative,Christian/Catholic,Very religious,61,random
4217,4,random,0,0,3,1,2,2,1,0,3,1,17,-2,-2,2,1,Female,18-24 years old,0,Student,Never been married,Hispanic/Latino,Somewhat conservative,Christian/Catholic,Very religious,61,random
4218,4,random,2,0,1,1,0,2,2,2,3,0,18,2,-2,-1,-1,Female,18-24 years old,0,Student,Never been married,Hispanic/Latino,Somewhat conservative,Christian/Catholic,Very religious,61,random
4219,4,random,4,0,1,1,4,2,2,1,2,0,19,0,-2,-1,0,Female,18-24 years old,0,Student,Never been married,Hispanic/Latino,Somewhat conservative,Christian/Catholic,Very religious,61,random
4220,4,random,0,2,1,2,0,2,3,1,3,1,20,0,0,-2,1,Female,18-24 years old,0,Student,Never been married,Hispanic/Latino,Somewhat conservative,Christian/Catholic,Very religious,61,random
4221,4,random,2,2,2,2,4,2,1,0,2,1,21,-2,0,1,2,Female,18-24 years old,0,Student,Never been married,Hispanic/Latino,Somewhat conservative,Christian/Catholic,Very religious,61,random
4222,4,random,4,2,1,0,4,1,3,2,2,0,22,0,1,-2,-2,Female,18-24 years old,0,Student,Never been married,Hispanic/Latino,Somewhat conservative,Christian/Catholic,Very religious,61,random
4223,4,random,0,1,2,1,4,1,1,1,3,0,23,-4,0,1,0,Female,18-24 years old,0,Student,Never been married,Hispanic/Latino,Somewhat conservative,Christian/Catholic,Very religious,61,random
4224,4,random,0,2,3,2,0,0,2,0,2,1,24,0,2,1,2,Female,18-24 years old,0,Student,Never been married,Hispanic/Latino,Somewhat conservative,Christian/Catholic,Very religious,61,random
4225,4,random,0,1,3,2,4,2,1,1,2,1,25,-4,-1,2,1,Female,18-24 years old,0,Student,Never been married,Hispanic/Latino,Somewhat conservative,Christian/Catholic,Very religious,61,random
4226,4,random,2,2,2,2,2,0,1,2,3,1,26,0,2,1,0,Female,18-24 years old,0,Student,Never been married,Hispanic/Latino,Somewhat conservative,Christian/Catholic,Very religious,61,random
4227,4,random,2,0,1,2,2,0,1,1,4,0,27,0,0,0,1,Female,18-24 years old,0,Student,Never been married,Hispanic/Latino,Somewhat conservative,Christian/Catholic,Very religious,61,random
4228,4,easy1,4,0,1,2,0,0,3,0,3,0,28,4,0,-2,2,Female,18-24 years old,0,Student,Never been married,Hispanic/Latino,Somewhat conservative,Christian/Catholic,Very religious,61,easy1
4229,4,random,0,0,3,0,2,1,2,1,14,1,29,-2,-1,1,-1,Female,18-24 years old,0,Student,Never been married,Hispanic/Latino,Somewhat conservative,Christian/Catholic,Very religious,61,random
4230,4,hard2,2,1,2,0,0,0,2,1,36,1,30,2,1,0,-1,Female,18-24 years old,0,Student,Never been married,Hispanic/Latino,Somewhat conservative,Christian/Catholic,Very religious,61,hard2
4231,4,random,4,2,2,1,4,1,3,2,4,1,31,0,1,-1,-1,Female,18-24 years old,0,Student,Never been married,Hispanic/Latino,Somewhat conservative,Christian/Catholic,Very religious,61,random
4232,4,attcheck,0,2,3,0,4,0,-1,2,1,1,32,-4,2,4,-2,Female,18-24 years old,0,Student,Never been married,Hispanic/Latino,Somewhat conservative,Christian/Catholic,Very religious,61,attcheck
4233,4,random,2,1,1,1,4,2,1,0,3,0,33,-2,-1,0,1,Female,18-24 years old,0,Student,Never been married,Hispanic/Latino,Somewhat conservative,Christian/Catholic,Very religious,61,random
4234,4,random,0,1,3,1,2,0,1,0,2,1,34,-2,1,2,1,Female,18-24 years old,0,Student,Never been married,Hispanic/Latino,Somewhat conservative,Christian/Catholic,Very religious,61,random
4235,4,random,4,2,3,2,2,1,3,1,4,1,35,2,1,0,1,Female,18-24 years old,0,Student,Never been married,Hispanic/Latino,Somewhat conservative,Christian/Catholic,Very religious,61,random
4236,4,hard1,2,2,2,0,0,0,2,2,2,1,36,2,2,0,-2,Female,18-24 years old,0,Student,Never been married,Hispanic/Latino,Somewhat conservative,Christian/Catholic,Very religious,61,hard1
4237,4,random,4,1,2,0,0,2,1,0,2,0,37,4,-1,1,0,Female,18-24 years old,0,Student,Never been married,Hispanic/Latino,Somewhat conservative,Christian/Catholic,Very religious,61,random
4238,4,random,0,0,1,1,2,1,3,1,1,0,38,-2,-1,-2,0,Female,18-24 years old,0,Student,Never been married,Hispanic/Latino,Somewhat conservative,Christian/Catholic,Very religious,61,random
4239,4,random,0,0,2,0,4,0,2,2,3,1,39,-4,0,0,-2,Female,18-24 years old,0,Student,Never been married,Hispanic/Latino,Somewhat conservative,Christian/Catholic,Very religious,61,random
4240,4,random,2,0,1,0,4,0,3,1,2,1,40,-2,0,-2,-1,Female,18-24 years old,0,Student,Never been married,Hispanic/Latino,Somewhat conservative,Christian/Catholic,Very religious,61,random
4241,4,random,0,1,3,2,2,2,1,2,3,1,41,-2,-1,2,0,Female,18-24 years old,0,Student,Never been married,Hispanic/Latino,Somewhat conservative,Christian/Catholic,Very religious,61,random
4242,4,attcheck,4,0,-1,2,0,2,3,0,2,0,42,4,-2,-4,2,Female,18-24 years old,0,Student,Never been married,Hispanic/Latino,Somewhat conservative,Christian/Catholic,Very religious,61,attcheck
4243,4,random,4,1,2,1,2,2,2,0,4,0,43,2,-1,0,1,Female,18-24 years old,0,Student,Never been married,Hispanic/Latino,Somewhat conservative,Christian/Catholic,Very religious,61,random
4244,4,random,2,0,3,0,4,2,3,0,2,0,44,-2,-2,0,0,Female,18-24 years old,0,Student,Never been married,Hispanic/Latino,Somewhat conservative,Christian/Catholic,Very religious,61,random
4245,4,random,0,1,1,1,4,0,2,0,2,1,45,-4,1,-1,1,Female,18-24 years old,0,Student,Never been married,Hispanic/Latino,Somewhat conservative,Christian/Catholic,Very religious,61,random
4246,4,random,0,0,3,2,0,2,3,1,2,0,46,0,-2,0,1,Female,18-24 years old,0,Student,Never been married,Hispanic/Latino,Somewhat conservative,Christian/Catholic,Very religious,61,random
4247,4,random,0,0,3,2,0,1,3,1,2,0,47,0,-1,0,1,Female,18-24 years old,0,Student,Never been married,Hispanic/Latino,Somewhat conservative,Christian/Catholic,Very religious,61,random
4248,4,random,0,0,3,1,4,2,2,1,2,0,48,-4,-2,1,0,Female,18-24 years old,0,Student,Never been married,Hispanic/Latino,Somewhat conservative,Christian/Catholic,Very religious,61,random
4249,4,random,4,1,1,1,4,0,2,0,2,1,49,0,1,-1,1,Female,18-24 years old,0,Student,Never been married,Hispanic/Latino,Somewhat conservative,Christian/Catholic,Very religious,61,random
4250,4,random,4,1,2,1,2,0,3,0,2,1,50,2,1,-1,1,Female,18-24 years old,0,Student,Never been married,Hispanic/Latino,Somewhat conservative,Christian/Catholic,Very religious,61,random
4251,4,random,0,2,2,0,0,2,3,0,6,1,51,0,0,-1,0,Female,18-24 years old,0,Student,Never been married,Hispanic/Latino,Somewhat conservative,Christian/Catholic,Very religious,61,random
4252,4,random,2,0,3,1,2,1,3,0,2,0,52,0,-1,0,1,Female,18-24 years old,0,Student,Never been married,Hispanic/Latino,Somewhat conservative,Christian/Catholic,Very religious,61,random
4253,4,random,2,0,3,0,2,0,3,1,4,1,53,0,0,0,-1,Female,18-24 years old,0,Student,Never been married,Hispanic/Latino,Somewhat conservative,Christian/Catholic,Very religious,61,random
4254,4,random,0,2,3,0,2,0,2,1,2,1,54,-2,2,1,-1,Female,18-24 years old,0,Student,Never been married,Hispanic/Latino,Somewhat conservative,Christian/Catholic,Very religious,61,random
4255,4,random,2,0,1,0,0,2,3,1,2,0,55,2,-2,-2,-1,Female,18-24 years old,0,Student,Never been married,Hispanic/Latino,Somewhat conservative,Christian/Catholic,Very religious,61,random
4256,4,random,2,1,1,1,4,2,1,2,2,1,56,-2,-1,0,-1,Female,18-24 years old,0,Student,Never been married,Hispanic/Latino,Somewhat conservative,Christian/Catholic,Very religious,61,random
4257,4,random,4,2,1,2,4,0,2,1,2,1,57,0,2,-1,1,Female,18-24 years old,0,Student,Never been married,Hispanic/Latino,Somewhat conservative,Christian/Catholic,Very religious,61,random
4258,4,random,4,2,1,1,2,0,3,2,3,1,58,2,2,-2,-1,Female,18-24 years old,0,Student,Never been married,Hispanic/Latino,Somewhat conservative,Christian/Catholic,Very religious,61,random
4259,4,random,0,0,1,1,4,2,2,0,2,0,59,-4,-2,-1,1,Female,18-24 years old,0,Student,Never been married,Hispanic/Latino,Somewhat conservative,Christian/Catholic,Very religious,61,random
5400,4,random,2,1,3,0,2,0,3,0,21,1,0,0,1,0,0,Female,18-24 years old,0,Student,Never been married,Hispanic/Latino,Somewhat conservative,Christian/Catholic,Very religious,61,random
5401,4,random,0,0,2,0,4,2,2,0,7,0,1,-4,-2,0,0,Female,18-24 years old,0,Student,Never been married,Hispanic/Latino,Somewhat conservative,Christian/Catholic,Very religious,61,random
5402,4,random,0,2,1,0,2,2,2,0,5,1,2,-2,0,-1,0,Female,18-24 years old,0,Student,Never been married,Hispanic/Latino,Somewhat conservative,Christian/Catholic,Very religious,61,random
5403,4,easy3,0,1,3,0,4,0,1,2,4,1,3,-4,1,2,-2,Female,18-24 years old,0,Student,Never been married,Hispanic/Latino,Somewhat conservative,Christian/Catholic,Very religious,61,easy3
5404,4,random,0,0,1,2,2,0,2,0,6,1,4,-2,0,-1,2,Female,18-24 years old,0,Student,Never been married,Hispanic/Latino,Somewhat conservative,Christian/Catholic,Very religious,61,random
5405,4,random,2,1,2,0,2,1,3,0,7,1,5,0,0,-1,0,Female,18-24 years old,0,Student,Never been married,Hispanic/Latino,Somewhat conservative,Christian/Catholic,Very religious,61,random
5406,4,hard1,0,0,2,2,2,2,2,0,3,0,6,-2,-2,0,2,Female,18-24 years old,0,Student,Never been married,Hispanic/Latino,Somewhat conservative,Christian/Catholic,Very religious,61,hard1
5407,4,random,4,2,3,0,0,0,2,1,3,1,7,4,2,1,-1,Female,18-24 years old,0,Student,Never been married,Hispanic/Latino,Somewhat conservative,Christian/Catholic,Very religious,61,random
5408,4,hard2,2,1,2,0,0,0,2,1,3,1,8,2,1,0,-1,Female,18-24 years old,0,Student,Never been married,Hispanic/Latino,Somewhat conservative,Christian/Catholic,Very religious,61,hard2
5409,4,hard3,0,1,2,2,2,0,2,0,3,1,9,-2,1,0,2,Female,18-24 years old,0,Student,Never been married,Hispanic/Latino,Somewhat conservative,Christian/Catholic,Very religious,61,hard3
5410,4,random,0,2,2,2,0,2,3,2,4,1,10,0,0,-1,0,Female,18-24 years old,0,Student,Never been married,Hispanic/Latino,Somewhat conservative,Christian/Catholic,Very religious,61,random
5411,4,random,0,1,1,2,2,0,1,1,5,1,11,-2,1,0,1,Female,18-24 years old,0,Student,Never been married,Hispanic/Latino,Somewhat conservative,Christian/Catholic,Very religious,61,random
5412,4,random,4,2,3,1,0,2,3,1,4,0,12,4,0,0,0,Female,18-24 years old,0,Student,Never been married,Hispanic/Latino,Somewhat conservative,Christian/Catholic,Very religious,61,random
5413,4,random,4,0,2,0,2,0,3,1,4,0,13,2,0,-1,-1,Female,18-24 years old,0,Student,Never been married,Hispanic/Latino,Somewhat conservative,Christian/Catholic,Very religious,61,random
5414,4,attcheck,4,0,-1,2,0,2,3,0,4,0,14,4,-2,-4,2,Female,18-24 years old,0,Student,Never been married,Hispanic/Latino,Somewhat conservative,Christian/Catholic,Very religious,61,attcheck
5415,4,random,0,1,3,2,2,1,2,1,9,0,15,-2,0,1,1,Female,18-24 years old,0,Student,Never been married,Hispanic/Latino,Somewhat conservative,Christian/Catholic,Very religious,61,random
5416,4,random,0,1,1,2,2,0,2,2,5,1,16,-2,1,-1,0,Female,18-24 years old,0,Student,Never been married,Hispanic/Latino,Somewhat conservative,Christian/Catholic,Very religious,61,random
5417,4,random,0,1,3,1,2,0,3,1,3,1,17,-2,1,0,0,Female,18-24 years old,0,Student,Never been married,Hispanic/Latino,Somewhat conservative,Christian/Catholic,Very religious,61,random
5418,4,random,0,0,2,0,4,1,3,2,5,0,18,-4,-1,-1,-2,Female,18-24 years old,0,Student,Never been married,Hispanic/Latino,Somewhat conservative,Christian/Catholic,Very religious,61,random
5419,4,random,2,0,2,1,0,1,2,0,3,0,19,2,-1,0,1,Female,18-24 years old,0,Student,Never been married,Hispanic/Latino,Somewhat conservative,Christian/Catholic,Very religious,61,random
5420,4,random,2,0,1,2,4,1,1,0,3,0,20,-2,-1,0,2,Female,18-24 years old,0,Student,Never been married,Hispanic/Latino,Somewhat conservative,Christian/Catholic,Very religious,61,random
5421,4,random,0,0,2,2,4,0,2,2,4,1,21,-4,0,0,0,Female,18-24 years old,0,Student,Never been married,Hispanic/Latino,Somewhat conservative,Christian/Catholic,Very religious,61,random
5422,4,random,4,2,3,0,4,2,1,0,5,0,22,0,0,2,0,Female,18-24 years old,0,Student,Never been married,Hispanic/Latino,Somewhat conservative,Christian/Catholic,Very religious,61,random
5423,4,easy2,4,0,1,2,0,2,3,0,5,0,23,4,-2,-2,2,Female,18-24 years old,0,Student,Never been married,Hispanic/Latino,Somewhat conservative,Christian/Catholic,Very religious,61,easy2
5424,4,random,0,2,3,1,4,0,1,0,4,1,24,-4,2,2,1,Female,18-24 years old,0,Student,Never been married,Hispanic/Latino,Somewhat conservative,Christian/Catholic,Very religious,61,random
5425,4,random,2,1,1,0,2,1,3,1,8,1,25,0,0,-2,-1,Female,18-24 years old,0,Student,Never been married,Hispanic/Latino,Somewhat conservative,Christian/Catholic,Very religious,61,random
5426,4,random,4,1,3,0,0,1,3,0,5,0,26,4,0,0,0,Female,18-24 years old,0,Student,Never been married,Hispanic/Latino,Somewhat conservative,Christian/Catholic,Very religious,61,random
5427,4,random,2,2,3,0,2,0,1,2,5,1,27,0,2,2,-2,Female,18-24 years old,0,Student,Never been married,Hispanic/Latino,Somewhat conservative,Christian/Catholic,Very religious,61,random
5428,4,random,0,2,3,2,0,0,1,1,3,1,28,0,2,2,1,Female,18-24 years old,0,Student,Never been married,Hispanic/Latino,Somewhat conservative,Christian/Catholic,Very religious,61,random
5429,4,random,4,1,3,2,4,2,3,2,6,0,29,0,-1,0,0,Female,18-24 years old,0,Student,Never been married,Hispanic/Latino,Somewhat conservative,Christian/Catholic,Very religious,61,random
5430,4,random,0,2,1,1,4,0,1,1,42,1,30,-4,2,0,0,Female,18-24 years old,0,Student,Never been married,Hispanic/Latino,Somewhat conservative,Christian/Catholic,Very religious,61,random
5431,4,random,0,0,2,1,4,1,1,2,2,0,31,-4,-1,1,-1,Female,18-24 years old,0,Student,Never been married,Hispanic/Latino,Somewhat conservative,Christian/Catholic,Very religious,61,random
5432,4,random,0,1,2,1,4,0,1,1,2,1,32,-4,1,1,0,Female,18-24 years old,0,Student,Never been married,Hispanic/Latino,Somewhat conservative,Christian/Catholic,Very religious,61,random
5433,4,random,2,1,2,2,2,1,2,0,4,0,33,0,0,0,2,Female,18-24 years old,0,Student,Never been married,Hispanic/Latino,Somewhat conservative,Christian/Catholic,Very religious,61,random
5434,4,hard1,0,0,2,2,2,2,2,0,3,0,34,-2,-2,0,2,Female,18-24 years old,0,Student,Never been married,Hispanic/Latino,Somewhat conservative,Christian/Catholic,Very religious,61,hard1
5435,4,random,4,1,1,1,4,2,3,1,4,1,35,0,-1,-2,0,Female,18-24 years old,0,Student,Never been married,Hispanic/Latino,Somewhat conservative,Christian/Catholic,Very religious,61,random
5436,4,random,0,1,1,0,2,1,2,1,4,1,36,-2,0,-1,-1,Female,18-24 years old,0,Student,Never been married,Hispanic/Latino,Somewhat conservative,Christian/Catholic,Very religious,61,random
5437,4,random,4,0,2,0,0,0,3,0,4,0,37,4,0,-1,0,Female,18-24 years old,0,Student,Never been married,Hispanic/Latino,Somewhat conservative,Christian/Catholic,Very religious,61,random
5438,4,random,2,0,1,2,4,2,3,2,5,0,38,-2,-2,-2,0,Female,18-24 years old,0,Student,Never been married,Hispanic/Latino,Somewhat conservative,Christian/Catholic,Very religious,61,random
5439,4,random,4,1,2,2,0,1,2,2,87,0,39,4,0,0,0,Female,18-24 years old,0,Student,Never been married,Hispanic/Latino,Somewhat conservative,Christian/Catholic,Very religious,61,random
5440,4,random,2,2,3,1,4,2,1,2,5,1,40,-2,0,2,-1,Female,18-24 years old,0,Student,Never been married,Hispanic/Latino,Somewhat conservative,Christian/Catholic,Very religious,61,random
5441,4,random,4,2,2,2,0,0,3,1,2,1,41,4,2,-1,1,Female,18-24 years old,0,Student,Never been married,Hispanic/Latino,Somewhat conservative,Christian/Catholic,Very religious,61,random
5442,4,attcheck,4,0,-1,2,0,2,3,0,2,0,42,4,-2,-4,2,Female,18-24 years old,0,Student,Never been married,Hispanic/Latino,Somewhat conservative,Christian/Catholic,Very religious,61,attcheck
5443,4,random,0,0,1,1,4,0,3,1,10,1,43,-4,0,-2,0,Female,18-24 years old,0,Student,Never been married,Hispanic/Latino,Somewhat conservative,Christian/Catholic,Very religious,61,random
5444,4,random,0,2,1,1,4,1,1,0,4,1,44,-4,1,0,1,Female,18-24 years old,0,Student,Never been married,Hispanic/Latino,Somewhat conservative,Christian/Catholic,Very religious,61,random
5445,4,random,4,2,2,2,2,0,3,2,3,1,45,2,2,-1,0,Female,18-24 years old,0,Student,Never been married,Hispanic/Latino,Somewhat conservative,Christian/Catholic,Very religious,61,random
5446,4,random,2,2,3,2,4,1,3,1,2,1,46,-2,1,0,1,Female,18-24 years old,0,Student,Never been married,Hispanic/Latino,Somewhat conservative,Christian/Catholic,Very religious,61,random
5447,4,random,2,2,2,1,4,1,1,1,6,1,47,-2,1,1,0,Female,18-24 years old,0,Student,Never been married,Hispanic/Latino,Somewhat conservative,Christian/Catholic,Very religious,61,random
5448,4,random,4,2,1,2,0,1,1,0,5,1,48,4,1,0,2,Female,18-24 years old,0,Student,Never been married,Hispanic/Latino,Somewhat conservative,Christian/Catholic,Very religious,61,random
5449,4,attcheck,0,2,3,0,4,0,-1,2,6,1,49,-4,2,4,-2,Female,18-24 years old,0,Student,Never been married,Hispanic/Latino,Somewhat conservative,Christian/Catholic,Very religious,61,attcheck
5450,4,random,2,1,2,0,0,2,2,1,3,0,50,2,-1,0,-1,Female,18-24 years old,0,Student,Never been married,Hispanic/Latino,Somewhat conservative,Christian/Catholic,Very religious,61,random
5451,4,random,2,1,1,1,2,2,1,2,7,0,51,0,-1,0,-1,Female,18-24 years old,0,Student,Never been married,Hispanic/Latino,Somewhat conservative,Christian/Catholic,Very religious,61,random
5452,4,easy1,0,0,3,0,4,0,1,2,4,1,52,-4,0,2,-2,Female,18-24 years old,0,Student,Never been married,Hispanic/Latino,Somewhat conservative,Christian/Catholic,Very religious,61,easy1
5453,4,random,0,2,1,2,2,2,2,0,5,0,53,-2,0,-1,2,Female,18-24 years old,0,Student,Never been married,Hispanic/Latino,Somewhat conservative,Christian/Catholic,Very religious,61,random
5454,4,random,4,1,2,2,2,0,3,0,3,1,54,2,1,-1,2,Female,18-24 years old,0,Student,Never been married,Hispanic/Latino,Somewhat conservative,Christian/Catholic,Very religious,61,random
5455,4,random,4,2,3,0,2,2,2,1,4,0,55,2,0,1,-1,Female,18-24 years old,0,Student,Never been married,Hispanic/Latino,Somewhat conservative,Christian/Catholic,Very religious,61,random
5456,4,random,2,1,3,0,0,1,3,1,4,0,56,2,0,0,-1,Female,18-24 years old,0,Student,Never been married,Hispanic/Latino,Somewhat conservative,Christian/Catholic,Very religious,61,random
5457,4,random,4,2,3,0,0,1,1,0,11,1,57,4,1,2,0,Female,18-24 years old,0,Student,Never been married,Hispanic/Latino,Somewhat conservative,Christian/Catholic,Very religious,61,random
5458,4,random,4,1,1,0,2,1,3,0,3,0,58,2,0,-2,0,Female,18-24 years old,0,Student,Never been married,Hispanic/Latino,Somewhat conservative,Christian/Catholic,Very religious,61,random
5459,4,random,4,2,3,2,4,0,1,1,2,1,59,0,2,2,1,Female,18-24 years old,0,Student,Never been married,Hispanic/Latino,Somewhat conservative,Christian/Catholic,Very religious,61,random
6420,4,random,4,1,2,2,0,1,3,2,25,1,0,4,0,-1,0,Female,18-24 years old,0,Student,Never been married,Hispanic/Latino,Somewhat conservative,Christian/Catholic,Very religious,61,random
6421,4,random,4,2,1,2,0,1,3,0,13,1,1,4,1,-2,2,Female,18-24 years old,0,Student,Never been married,Hispanic/Latino,Somewhat conservative,Christian/Catholic,Very religious,61,random
6422,4,random,2,1,1,1,2,2,1,1,10,1,2,0,-1,0,0,Female,18-24 years old,0,Student,Never been married,Hispanic/Latino,Somewhat conservative,Christian/Catholic,Very religious,61,random
6423,4,random,4,1,2,2,2,0,3,2,8,0,3,2,1,-1,0,Female,18-24 years old,0,Student,Never been married,Hispanic/Latino,Somewhat conservative,Christian/Catholic,Very religious,61,random
6424,4,random,2,0,1,1,4,1,1,1,6,0,4,-2,-1,0,0,Female,18-24 years old,0,Student,Never been married,Hispanic/Latino,Somewhat conservative,Christian/Catholic,Very religious,61,random
6425,4,easy3,0,1,3,0,4,0,1,2,5,1,5,-4,1,2,-2,Female,18-24 years old,0,Student,Never been married,Hispanic/Latino,Somewhat conservative,Christian/Catholic,Very religious,61,easy3
6426,4,random,4,2,1,2,2,1,1,2,8,0,6,2,1,0,0,Female,18-24 years old,0,Student,Never been married,Hispanic/Latino,Somewhat conservative,Christian/Catholic,Very religious,61,random
6427,4,random,4,2,2,2,4,1,1,0,11,0,7,0,1,1,2,Female,18-24 years old,0,Student,Never been married,Hispanic/Latino,Somewhat conservative,Christian/Catholic,Very religious,61,random
6428,4,random,0,1,3,0,4,1,2,1,6,1,8,-4,0,1,-1,Female,18-24 years old,0,Student,Never been married,Hispanic/Latino,Somewhat conservative,Christian/Catholic,Very religious,61,random
6429,4,random,4,1,2,1,0,1,1,0,5,0,9,4,0,1,1,Female,18-24 years old,0,Student,Never been married,Hispanic/Latino,Somewhat conservative,Christian/Catholic,Very religious,61,random
6430,4,random,2,0,3,0,4,0,2,1,7,1,10,-2,0,1,-1,Female,18-24 years old,0,Student,Never been married,Hispanic/Latino,Somewhat conservative,Christian/Catholic,Very religious,61,random
6431,4,random,2,1,2,0,4,0,2,1,7,1,11,-2,1,0,-1,Female,18-24 years old,0,Student,Never been married,Hispanic/Latino,Somewhat conservative,Christian/Catholic,Very religious,61,random
6432,4,random,4,2,1,0,0,1,3,2,5,0,12,4,1,-2,-2,Female,18-24 years old,0,Student,Never been married,Hispanic/Latino,Somewhat conservative,Christian/Catholic,Very religious,61,random
6433,4,random,0,1,1,2,0,0,1,2,6,1,13,0,1,0,0,Female,18-24 years old,0,Student,Never been married,Hispanic/Latino,Somewhat conservative,Christian/Catholic,Very religious,61,random
6434,4,random,4,0,1,2,2,2,3,0,4,0,14,2,-2,-2,2,Female,18-24 years old,0,Student,Never been married,Hispanic/Latino,Somewhat conservative,Christian/Catholic,Very religious,61,random
6435,4,random,4,1,3,1,2,0,1,0,6,0,15,2,1,2,1,Female,18-24 years old,0,Student,Never been married,Hispanic/Latino,Somewhat conservative,Christian/Catholic,Very religious,61,random
6436,4,random,2,2,1,1,0,0,2,1,4,1,16,2,2,-1,0,Female,18-24 years old,0,Student,Never been married,Hispanic/Latino,Somewhat conservative,Christian/Catholic,Very religious,61,random
6437,4,random,4,0,2,1,4,2,1,1,7,1,17,0,-2,1,0,Female,18-24 years old,0,Student,Never been married,Hispanic/Latino,Somewhat conservative,Christian/Catholic,Very religious,61,random
6438,4,attcheck,4,0,-1,2,0,2,3,0,4,0,18,4,-2,-4,2,Female,18-24 years old,0,Student,Never been married,Hispanic/Latino,Somewhat conservative,Christian/Catholic,Very religious,61,attcheck
6439,4,random,2,0,1,1,2,2,2,0,5,0,19,0,-2,-1,1,Female,18-24 years old,0,Student,Never been married,Hispanic/Latino,Somewhat conservative,Christian/Catholic,Very religious,61,random
6440,4,random,0,0,2,0,0,2,2,1,5,0,20,0,-2,0,-1,Female,18-24 years old,0,Student,Never been married,Hispanic/Latino,Somewhat conservative,Christian/Catholic,Very religious,61,random
6441,4,random,2,1,3,2,2,0,1,1,6,1,21,0,1,2,1,Female,18-24 years old,0,Student,Never been married,Hispanic/Latino,Somewhat conservative,Christian/Catholic,Very religious,61,random
6442,4,random,2,1,3,0,4,1,2,2,6,1,22,-2,0,1,-2,Female,18-24 years old,0,Student,Never been married,Hispanic/Latino,Somewhat conservative,Christian/Catholic,Very religious,61,random
6443,4,random,2,2,2,2,2,1,3,1,5,1,23,0,1,-1,1,Female,18-24 years old,0,Student,Never been married,Hispanic/Latino,Somewhat conservative,Christian/Catholic,Very religious,61,random
6444,4,random,2,0,1,2,4,0,2,0,4,1,24,-2,0,-1,2,Female,18-24 years old,0,Student,Never been married,Hispanic/Latino,Somewhat conservative,Christian/Catholic,Very religious,61,random
6445,4,random,2,2,3,0,2,1,2,0,6,0,25,0,1,1,0,Female,18-24 years old,0,Student,Never been married,Hispanic/Latino,Somewhat conservative,Christian/Catholic,Very religious,61,random
6446,4,random,2,2,3,2,4,1,1,2,6,1,26,-2,1,2,0,Female,18-24 years old,0,Student,Never been married,Hispanic/Latino,Somewhat conservative,Christian/Catholic,Very religious,61,random
6447,4,random,4,2,1,0,4,2,2,1,6,1,27,0,0,-1,-1,Female,18-24 years old,0,Student,Never been married,Hispanic/Latino,Somewhat conservative,Christian/Catholic,Very religious,61,random
6448,4,easy2,4,0,1,2,0,2,3,0,5,0,28,4,-2,-2,2,Female,18-24 years old,0,Student,Never been married,Hispanic/Latino,Somewhat conservative,Christian/Catholic,Very religious,61,easy2
6449,4,random,2,1,2,0,0,2,3,2,8,0,29,2,-1,-1,-2,Female,18-24 years old,0,Student,Never been married,Hispanic/Latino,Somewhat conservative,Christian/Catholic,Very religious,61,random
6450,4,random,4,0,3,2,2,2,3,0,41,0,30,2,-2,0,2,Female,18-24 years old,0,Student,Never been married,Hispanic/Latino,Somewhat conservative,Christian/Catholic,Very religious,61,random
6451,4,random,4,2,2,0,2,2,2,1,5,0,31,2,0,0,-1,Female,18-24 years old,0,Student,Never been married,Hispanic/Latino,Somewhat conservative,Christian/Catholic,Very religious,61,random
6452,4,hard2,2,1,2,0,0,0,2,1,4,1,32,2,1,0,-1,Female,18-24 years old,0,Student,Never been married,Hispanic/Latino,Somewhat conservative,Christian/Catholic,Very religious,61,hard2
6453,4,random,2,2,3,0,2,0,2,2,4,1,33,0,2,1,-2,Female,18-24 years old,0,Student,Never been married,Hispanic/Latino,Somewhat conservative,Christian/Catholic,Very religious,61,random
6454,4,random,4,1,1,2,0,2,2,1,6,0,34,4,-1,-1,1,Female,18-24 years old,0,Student,Never been married,Hispanic/Latino,Somewhat conservative,Christian/Catholic,Very religious,61,random
6455,4,hard3,2,0,2,0,0,1,2,2,4,0,35,2,-1,0,-2,Female,18-24 years old,0,Student,Never been married,Hispanic/Latino,Somewhat conservative,Christian/Catholic,Very religious,61,hard3
6456,4,random,2,1,1,1,2,0,1,1,4,1,36,0,1,0,0,Female,18-24 years old,0,Student,Never been married,Hispanic/Latino,Somewhat conservative,Christian/Catholic,Very religious,61,random
6457,4,random,4,1,1,0,0,2,3,2,5,0,37,4,-1,-2,-2,Female,18-24 years old,0,Student,Never been married,Hispanic/Latino,Somewhat conservative,Christian/Catholic,Very religious,61,random
6458,4,random,2,2,1,0,4,0,3,2,4,1,38,-2,2,-2,-2,Female,18-24 years old,0,Student,Never been married,Hispanic/Latino,Somewhat conservative,Christian/Catholic,Very religious,61,random
6459,4,random,2,1,3,2,2,2,3,0,8,0,39,0,-1,0,2,Female,18-24 years old,0,Student,Never been married,Hispanic/Latino,Somewhat conservative,Christian/Catholic,Very religious,61,random
6460,4,easy1,4,0,1,2,0,0,3,0,5,0,40,4,0,-2,2,Female,18-24 years old,0,Student,Never been married,Hispanic/Latino,Somewhat conservative,Christian/Catholic,Very religious,61,easy1
6461,4,random,4,1,2,2,0,0,1,0,9,1,41,4,1,1,2,Female,18-24 years old,0,Student,Never been married,Hispanic/Latino,Somewhat conservative,Christian/Catholic,Very religious,61,random
6462,4,random,0,2,2,2,0,2,1,2,9,0,42,0,0,1,0,Female,18-24 years old,0,Student,Never been married,Hispanic/Latino,Somewhat conservative,Christian/Catholic,Very religious,61,random
6463,4,random,0,0,1,2,2,1,2,1,5,0,43,-2,-1,-1,1,Female,18-24 years old,0,Student,Never been married,Hispanic/Latino,Somewhat conservative,Christian/Catholic,Very religious,61,random
6464,4,hard1,2,2,2,0,0,0,2,2,4,1,44,2,2,0,-2,Female,18-24 years old,0,Student,Never been married,Hispanic/Latino,Somewhat conservative,Christian/Catholic,Very religious,61,hard1
6465,4,random,2,1,3,2,2,2,2,0,5,1,45,0,-1,1,2,Female,18-24 years old,0,Student,Never been married,Hispanic/Latino,Somewhat conservative,Christian/Catholic,Very religious,61,random
6466,4,random,4,0,3,2,0,1,3,0,4,0,46,4,-1,0,2,Female,18-24 years old,0,Student,Never been married,Hispanic/Latino,Somewhat conservative,Christian/Catholic,Very religious,61,random
6467,4,random,2,1,1,1,2,2,3,2,8,1,47,0,-1,-2,-1,Female,18-24 years old,0,Student,Never been married,Hispanic/Latino,Somewhat conservative,Christian/Catholic,Very religious,61,random
6468,4,random,4,0,2,0,2,0,1,1,5,0,48,2,0,1,-1,Female,18-24 years old,0,Student,Never been married,Hispanic/Latino,Somewhat conservative,Christian/Catholic,Very religious,61,random
6469,4,random,4,1,2,1,2,1,2,1,5,0,49,2,0,0,0,Female,18-24 years old,0,Student,Never been married,Hispanic/Latino,Somewhat conservative,Christian/Catholic,Very religious,61,random
6470,4,random,4,2,1,0,4,0,2,0,4,1,50,0,2,-1,0,Female,18-24 years old,0,Student,Never been married,Hispanic/Latino,Somewhat conservative,Christian/Catholic,Very religious,61,random
6471,4,attcheck,0,2,3,0,4,0,-1,2,5,1,51,-4,2,4,-2,Female,18-24 years old,0,Student,Never been married,Hispanic/Latino,Somewhat conservative,Christian/Catholic,Very religious,61,attcheck
6472,4,random,2,1,3,1,4,1,3,2,5,1,52,-2,0,0,-1,Female,18-24 years old,0,Student,Never been married,Hispanic/Latino,Somewhat conservative,Christian/Catholic,Very religious,61,random
6473,4,random,4,1,2,1,0,2,3,2,6,0,53,4,-1,-1,-1,Female,18-24 years old,0,Student,Never been married,Hispanic/Latino,Somewhat conservative,Christian/Catholic,Very religious,61,random
6474,4,random,2,1,3,2,2,1,2,2,7,0,54,0,0,1,0,Female,18-24 years old,0,Student,Never been married,Hispanic/Latino,Somewhat conservative,Christian/Catholic,Very religious,61,random
6475,4,random,4,0,3,0,4,0,1,2,9,1,55,0,0,2,-2,Female,18-24 years old,0,Student,Never been married,Hispanic/Latino,Somewhat conservative,Christian/Catholic,Very religious,61,random
6476,4,random,0,2,2,0,2,0,1,0,4,1,56,-2,2,1,0,Female,18-24 years old,0,Student,Never been married,Hispanic/Latino,Somewhat conservative,Christian/Catholic,Very religious,61,random
6477,4,random,2,0,3,0,2,2,1,1,3,0,57,0,-2,2,-1,Female,18-24 years old,0,Student,Never been married,Hispanic/Latino,Somewhat conservative,Christian/Catholic,Very religious,61,random
6478,4,random,2,1,2,1,2,1,3,0,7,1,58,0,0,-1,1,Female,18-24 years old,0,Student,Never been married,Hispanic/Latino,Somewhat conservative,Christian/Catholic,Very religious,61,random
6479,4,attcheck,4,0,-1,2,0,2,3,0,2,0,59,4,-2,-4,2,Female,18-24 years old,0,Student,Never been married,Hispanic/Latino,Somewhat conservative,Christian/Catholic,Very religious,61,attcheck
6480,4,random,0,2,2,2,4,0,3,0,15,1,0,-4,2,-1,2,Female,18-24 years old,0,Student,Never been married,Hispanic/Latino,Somewhat conservative,Christian/Catholic,Very religious,61,random
6481,4,random,4,2,3,0,2,0,1,1,5,1,1,2,2,2,-1,Female,18-24 years old,0,Student,Never been married,Hispanic/Latino,Somewhat conservative,Christian/Catholic,Very religious,61,random
6482,4,random,0,2,2,2,2,2,1,1,7,0,2,-2,0,1,1,Female,18-24 years old,0,Student,Never been married,Hispanic/Latino,Somewhat conservative,Christian/Catholic,Very religious,61,random
6483,4,hard2,2,1,2,0,0,0,2,1,6,1,3,2,1,0,-1,Female,18-24 years old,0,Student,Never been married,Hispanic/Latino,Somewhat conservative,Christian/Catholic,Very religious,61,hard2
6484,4,random,0,1,3,2,2,1,1,1,5,1,4,-2,0,2,1,Female,18-24 years old,0,Student,Never been married,Hispanic/Latino,Somewhat conservative,Christian/Catholic,Very religious,61,random
6485,4,random,4,2,1,0,2,0,2,0,5,0,5,2,2,-1,0,Female,18-24 years old,0,Student,Never been married,Hispanic/Latino,Somewhat conservative,Christian/Catholic,Very religious,61,random
6486,4,random,2,0,2,1,2,2,1,2,5,0,6,0,-2,1,-1,Female,18-24 years old,0,Student,Never been married,Hispanic/Latino,Somewhat conservative,Christian/Catholic,Very religious,61,random
6487,4,attcheck,4,0,-1,2,0,2,3,0,3,0,7,4,-2,-4,2,Female,18-24 years old,0,Student,Never been married,Hispanic/Latino,Somewhat conservative,Christian/Catholic,Very religious,61,attcheck
6488,4,random,2,0,3,0,2,1,3,1,6,0,8,0,-1,0,-1,Female,18-24 years old,0,Student,Never been married,Hispanic/Latino,Somewhat conservative,Christian/Catholic,Very religious,61,random
6489,4,random,2,0,2,1,0,0,1,0,24,0,9,2,0,1,1,Female,18-24 years old,0,Student,Never been married,Hispanic/Latino,Somewhat conservative,Christian/Catholic,Very religious,61,random
6490,4,easy2,0,2,3,0,4,0,1,2,3,1,10,-4,2,2,-2,Female,18-24 years old,0,Student,Never been married,Hispanic/Latino,Somewhat conservative,Christian/Catholic,Very religious,61,easy2
6491,4,random,2,2,3,1,4,0,1,2,3,1,11,-2,2,2,-1,Female,18-24 years old,0,Student,Never been married,Hispanic/Latino,Somewhat conservative,Christian/Catholic,Very religious,61,random
6492,4,random,4,2,1,2,2,1,1,2,3,0,12,2,1,0,0,Female,18-24 years old,0,Student,Never been married,Hispanic/Latino,Somewhat conservative,Christian/Catholic,Very religious,61,random
6493,4,random,0,1,2,2,2,1,3,2,3,1,13,-2,0,-1,0,Female,18-24 years old,0,Student,Never been married,Hispanic/Latino,Somewhat conservative,Christian/Catholic,Very religious,61,random
6494,4,random,4,1,2,0,4,0,2,1,4,1,14,0,1,0,-1,Female,18-24 years old,0,Student,Never been married,Hispanic/Latino,Somewhat conservative,Christian/Catholic,Very religious,61,random
6495,4,random,0,1,3,2,0,0,2,2,2,1,15,0,1,1,0,Female,18-24 years old,0,Student,Never been married,Hispanic/Latino,Somewhat conservative,Christian/Catholic,Very religious,61,random
6496,4,random,2,2,2,0,2,2,2,1,4,1,16,0,0,0,-1,Female,18-24 years old,0,Student,Never been married,Hispanic/Latino,Somewhat conservative,Christian/Catholic,Very religious,61,random
6497,4,random,2,1,1,0,4,1,2,2,2,1,17,-2,0,-1,-2,Female,18-24 years old,0,Student,Never been married,Hispanic/Latino,Somewhat conservative,Christian/Catholic,Very religious,61,random
6498,4,easy3,4,0,1,2,0,1,3,0,3,0,18,4,-1,-2,2,Female,18-24 years old,0,Student,Never been married,Hispanic/Latino,Somewhat conservative,Christian/Catholic,Very religious,61,easy3
6499,4,random,2,2,3,2,0,0,1,0,3,1,19,2,2,2,2,Female,18-24 years old,0,Student,Never been married,Hispanic/Latino,Somewhat conservative,Christian/Catholic,Very religious,61,random
6500,4,random,4,1,1,2,2,2,3,0,3,0,20,2,-1,-2,2,Female,18-24 years old,0,Student,Never been married,Hispanic/Latino,Somewhat conservative,Christian/Catholic,Very religious,61,random
6501,4,random,0,2,1,0,0,1,1,0,7,1,21,0,1,0,0,Female,18-24 years old,0,Student,Never been married,Hispanic/Latino,Somewhat conservative,Christian/Catholic,Very religious,61,random
6502,4,random,4,1,3,1,2,0,1,2,6,0,22,2,1,2,-1,Female,18-24 years old,0,Student,Never been married,Hispanic/Latino,Somewhat conservative,Christian/Catholic,Very religious,61,random
6503,4,easy1,0,0,3,0,4,0,1,2,3,1,23,-4,0,2,-2,Female,18-24 years old,0,Student,Never been married,Hispanic/Latino,Somewhat conservative,Christian/Catholic,Very religious,61,easy1
6504,4,random,4,0,3,2,2,1,1,0,3,0,24,2,-1,2,2,Female,18-24 years old,0,Student,Never been married,Hispanic/Latino,Somewhat conservative,Christian/Catholic,Very religious,61,random
6505,4,random,4,1,3,1,0,1,3,0,11,0,25,4,0,0,1,Female,18-24 years old,0,Student,Never been married,Hispanic/Latino,Somewhat conservative,Christian/Catholic,Very religious,61,random
6506,4,hard3,0,1,2,2,2,0,2,0,3,1,26,-2,1,0,2,Female,18-24 years old,0,Student,Never been married,Hispanic/Latino,Somewhat conservative,Christian/Catholic,Very religious,61,hard3
6507,4,random,0,1,2,1,2,1,3,0,10,1,27,-2,0,-1,1,Female,18-24 years old,0,Student,Never been married,Hispanic/Latino,Somewhat conservative,Christian/Catholic,Very religious,61,random
6508,4,random,2,1,1,2,4,1,3,0,4,1,28,-2,0,-2,2,Female,18-24 years old,0,Student,Never been married,Hispanic/Latino,Somewhat conservative,Christian/Catholic,Very religious,61,random
6509,4,random,0,1,3,0,2,2,3,0,4,1,29,-2,-1,0,0,Female,18-24 years old,0,Student,Never been married,Hispanic/Latino,Somewhat conservative,Christian/Catholic,Very religious,61,random
6510,4,random,2,1,3,0,4,0,2,1,35,1,30,-2,1,1,-1,Female,18-24 years old,0,Student,Never been married,Hispanic/Latino,Somewhat conservative,Christian/Catholic,Very religious,61,random
6511,4,random,2,2,2,1,0,2,1,1,4,0,31,2,0,1,0,Female,18-24 years old,0,Student,Never been married,Hispanic/Latino,Somewhat conservative,Christian/Catholic,Very religious,61,random
6512,4,random,2,2,2,0,2,0,3,2,3,1,32,0,2,-1,-2,Female,18-24 years old,0,Student,Never been married,Hispanic/Latino,Somewhat conservative,Christian/Catholic,Very religious,61,random
6513,4,random,4,1,3,2,2,0,1,1,3,0,33,2,1,2,1,Female,18-24 years old,0,Student,Never been married,Hispanic/Latino,Somewhat conservative,Christian/Catholic,Very religious,61,random
6514,4,random,4,0,1,0,4,0,1,1,5,1,34,0,0,0,-1,Female,18-24 years old,0,Student,Never been married,Hispanic/Latino,Somewhat conservative,Christian/Catholic,Very religious,61,random
6515,4,random,4,2,1,0,4,0,2,0,3,1,35,0,2,-1,0,Female,18-24 years old,0,Student,Never been married,Hispanic/Latino,Somewhat conservative,Christian/Catholic,Very religious,61,random
6516,4,random,2,2,3,0,2,1,2,0,6,0,36,0,1,1,0,Female,18-24 years old,0,Student,Never been married,Hispanic/Latino,Somewhat conservative,Christian/Catholic,Very religious,61,random
6517,4,attcheck,0,2,3,0,4,0,-1,2,3,1,37,-4,2,4,-2,Female,18-24 years old,0,Student,Never been married,Hispanic/Latino,Somewhat conservative,Christian/Catholic,Very religious,61,attcheck
6518,4,random,0,1,1,0,2,2,2,0,5,1,38,-2,-1,-1,0,Female,18-24 years old,0,Student,Never been married,Hispanic/Latino,Somewhat conservative,Christian/Catholic,Very religious,61,random
6519,4,random,2,0,1,2,4,1,2,0,3,1,39,-2,-1,-1,2,Female,18-24 years old,0,Student,Never been married,Hispanic/Latino,Somewhat conservative,Christian/Catholic,Very religious,61,random
6520,4,random,0,0,2,1,2,1,2,1,3,1,40,-2,-1,0,0,Female,18-24 years old,0,Student,Never been married,Hispanic/Latino,Somewhat conservative,Christian/Catholic,Very religious,61,random
6521,4,random,2,0,2,1,4,2,1,2,3,1,41,-2,-2,1,-1,Female,18-24 years old,0,Student,Never been married,Hispanic/Latino,Somewhat conservative,Christian/Catholic,Very religious,61,random
6522,4,random,0,2,2,1,2,0,1,1,5,1,42,-2,2,1,0,Female,18-24 years old,0,Student,Never been married,Hispanic/Latino,Somewhat conservative,Christian/Catholic,Very religious,61,random
6523,4,hard1,2,2,2,0,0,0,2,2,4,1,43,2,2,0,-2,Female,18-24 years old,0,Student,Never been married,Hispanic/Latino,Somewhat conservative,Christian/Catholic,Very religious,61,hard1
6524,4,random,2,2,2,2,4,2,3,1,3,1,44,-2,0,-1,1,Female,18-24 years old,0,Student,Never been married,Hispanic/Latino,Somewhat conservative,Christian/Catholic,Very religious,61,random
6525,4,random,4,0,3,2,4,0,1,1,5,1,45,0,0,2,1,Female,18-24 years old,0,Student,Never been married,Hispanic/Latino,Somewhat conservative,Christian/Catholic,Very religious,61,random
6526,4,random,0,1,1,2,0,2,3,2,4,1,46,0,-1,-2,0,Female,18-24 years old,0,Student,Never been married,Hispanic/Latino,Somewhat conservative,Christian/Catholic,Very religious,61,random
6527,4,random,0,0,3,2,2,1,2,1,3,0,47,-2,-1,1,1,Female,18-24 years old,0,Student,Never been married,Hispanic/Latino,Somewhat conservative,Christian/Catholic,Very religious,61,random
6528,4,random,4,0,2,0,0,0,3,0,2,0,48,4,0,-1,0,Female,18-24 years old,0,Student,Never been married,Hispanic/Latino,Somewhat conservative,Christian/Catholic,Very religious,61,random
6529,4,random,4,1,1,2,0,2,1,0,8,0,49,4,-1,0,2,Female,18-24 years old,0,Student,Never been married,Hispanic/Latino,Somewhat conservative,Christian/Catholic,Very religious,61,random
6530,4,random,2,2,2,2,4,0,2,1,3,1,50,-2,2,0,1,Female,18-24 years old,0,Student,Never been married,Hispanic/Latino,Somewhat conservative,Christian/Catholic,Very religious,61,random
6531,4,random,0,0,2,2,4,0,1,0,4,1,51,-4,0,1,2,Female,18-24 years old,0,Student,Never been married,Hispanic/Latino,Somewhat conservative,Christian/Catholic,Very religious,61,random
6532,4,random,4,0,3,0,4,2,3,0,4,0,52,0,-2,0,0,Female,18-24 years old,0,Student,Never been married,Hispanic/Latino,Somewhat conservative,Christian/Catholic,Very religious,61,random
6533,4,random,4,1,3,2,0,2,3,0,3,0,53,4,-1,0,2,Female,18-24 years old,0,Student,Never been married,Hispanic/Latino,Somewhat conservative,Christian/Catholic,Very religious,61,random
6534,4,random,2,1,2,2,4,1,1,2,3,1,54,-2,0,1,0,Female,18-24 years old,0,Student,Never been married,Hispanic/Latino,Somewhat conservative,Christian/Catholic,Very religious,61,random
6535,4,random,4,1,1,1,4,1,3,1,3,0,55,0,0,-2,0,Female,18-24 years old,0,Student,Never been married,Hispanic/Latino,Somewhat conservative,Christian/Catholic,Very religious,61,random
6536,4,random,2,1,2,0,0,2,3,1,5,0,56,2,-1,-1,-1,Female,18-24 years old,0,Student,Never been married,Hispanic/Latino,Somewhat conservative,Christian/Catholic,Very religious,61,random
6537,4,random,2,1,1,2,0,0,2,1,3,1,57,2,1,-1,1,Female,18-24 years old,0,Student,Never been married,Hispanic/Latino,Somewhat conservative,Christian/Catholic,Very religious,61,random
6538,4,attcheck,4,0,-1,2,0,2,3,0,3,0,58,4,-2,-4,2,Female,18-24 years old,0,Student,Never been married,Hispanic/Latino,Somewhat conservative,Christian/Catholic,Very religious,61,attcheck
6539,4,random,0,2,2,2,4,1,1,2,7,1,59,-4,1,1,0,Female,18-24 years old,0,Student,Never been married,Hispanic/Latino,Somewhat conservative,Christian/Catholic,Very religious,61,random
6720,4,random,0,1,2,0,4,0,3,0,55,1,0,-4,1,-1,0,Female,18-24 years old,0,Student,Never been married,Hispanic/Latino,Somewhat conservative,Christian/Catholic,Very religious,61,random
6721,4,random,0,0,1,1,2,1,1,1,7,0,1,-2,-1,0,0,Female,18-24 years old,0,Student,Never been married,Hispanic/Latino,Somewhat conservative,Christian/Catholic,Very religious,61,random
6722,4,random,4,2,3,0,0,2,2,1,26,0,2,4,0,1,-1,Female,18-24 years old,0,Student,Never been married,Hispanic/Latino,Somewhat conservative,Christian/Catholic,Very religious,61,random
6723,4,random,2,1,1,0,0,0,2,1,7,1,3,2,1,-1,-1,Female,18-24 years old,0,Student,Never been married,Hispanic/Latino,Somewhat conservative,Christian/Catholic,Very religious,61,random
6724,4,random,2,1,3,0,4,2,2,0,3,1,4,-2,-1,1,0,Female,18-24 years old,0,Student,Never been married,Hispanic/Latino,Somewhat conservative,Christian/Catholic,Very religious,61,random
6725,4,random,0,0,2,0,2,0,2,2,5,1,5,-2,0,0,-2,Female,18-24 years old,0,Student,Never been married,Hispanic/Latino,Somewhat conservative,Christian/Catholic,Very religious,61,random
6726,4,hard2,0,0,2,1,2,1,2,0,3,0,6,-2,-1,0,1,Female,18-24 years old,0,Student,Never been married,Hispanic/Latino,Somewhat conservative,Christian/Catholic,Very religious,61,hard2
6727,4,random,4,2,1,0,4,0,3,2,4,1,7,0,2,-2,-2,Female,18-24 years old,0,Student,Never been married,Hispanic/Latino,Somewhat conservative,Christian/Catholic,Very religious,61,random
6728,4,random,2,0,2,0,2,1,2,0,10,0,8,0,-1,0,0,Female,18-24 years old,0,Student,Never been married,Hispanic/Latino,Somewhat conservative,Christian/Catholic,Very religious,61,random
6729,4,random,4,1,1,1,4,1,3,1,10,1,9,0,0,-2,0,Female,18-24 years old,0,Student,Never been married,Hispanic/Latino,Somewhat conservative,Christian/Catholic,Very religious,61,random
6730,4,random,0,0,2,2,4,0,2,2,3,1,10,-4,0,0,0,Female,18-24 years old,0,Student,Never been married,Hispanic/Latino,Somewhat conservative,Christian/Catholic,Very religious,61,random
6731,4,random,2,2,2,1,4,1,1,2,3,1,11,-2,1,1,-1,Female,18-24 years old,0,Student,Never been married,Hispanic/Latino,Somewhat conservative,Christian/Catholic,Very religious,61,random
6732,4,random,0,2,1,2,0,2,1,1,5,0,12,0,0,0,1,Female,18-24 years old,0,Student,Never been married,Hispanic/Latino,Somewhat conservative,Christian/Catholic,Very religious,61,random
6733,4,random,4,2,3,0,0,0,2,2,4,1,13,4,2,1,-2,Female,18-24 years old,0,Student,Never been married,Hispanic/Latino,Somewhat conservative,Christian/Catholic,Very religious,61,random
6734,4,random,0,0,2,2,4,2,1,0,5,1,14,-4,-2,1,2,Female,18-24 years old,0,Student,Never been married,Hispanic/Latino,Somewhat conservative,Christian/Catholic,Very religious,61,random
6735,4,random,0,2,1,0,4,0,1,1,5,1,15,-4,2,0,-1,Female,18-24 years old,0,Student,Never been married,Hispanic/Latino,Somewhat conservative,Christian/Catholic,Very religious,61,random
6736,4,random,0,1,2,1,4,1,1,2,2,1,16,-4,0,1,-1,Female,18-24 years old,0,Student,Never been married,Hispanic/Latino,Somewhat conservative,Christian/Catholic,Very religious,61,random
6737,4,random,2,2,1,0,4,2,2,1,4,1,17,-2,0,-1,-1,Female,18-24 years old,0,Student,Never been married,Hispanic/Latino,Somewhat conservative,Christian/Catholic,Very religious,61,random
6738,4,easy1,4,0,1,2,0,0,3,0,3,0,18,4,0,-2,2,Female,18-24 years old,0,Student,Never been married,Hispanic/Latino,Somewhat conservative,Christian/Catholic,Very religious,61,easy1
6739,4,random,2,2,1,2,0,1,3,1,4,0,19,2,1,-2,1,Female,18-24 years old,0,Student,Never been married,Hispanic/Latino,Somewhat conservative,Christian/Catholic,Very religious,61,random
6740,4,random,4,1,3,2,4,1,2,2,9,0,20,0,0,1,0,Female,18-24 years old,0,Student,Never been married,Hispanic/Latino,Somewhat conservative,Christian/Catholic,Very religious,61,random
6741,4,random,0,1,3,2,0,0,3,0,4,1,21,0,1,0,2,Female,18-24 years old,0,Student,Never been married,Hispanic/Latino,Somewhat conservative,Christian/Catholic,Very religious,61,random
6742,4,random,0,1,3,0,0,2,2,2,4,1,22,0,-1,1,-2,Female,18-24 years old,0,Student,Never been married,Hispanic/Latino,Somewhat conservative,Christian/Catholic,Very religious,61,random
6743,4,random,2,2,3,2,0,0,3,1,5,0,23,2,2,0,1,Female,18-24 years old,0,Student,Never been married,Hispanic/Latino,Somewhat conservative,Christian/Catholic,Very religious,61,random
6744,4,random,0,2,3,0,4,2,2,0,3,1,24,-4,0,1,0,Female,18-24 years old,0,Student,Never been married,Hispanic/Latino,Somewhat conservative,Christian/Catholic,Very religious,61,random
6745,4,random,4,2,3,1,2,1,2,0,3,0,25,2,1,1,1,Female,18-24 years old,0,Student,Never been married,Hispanic/Latino,Somewhat conservative,Christian/Catholic,Very religious,61,random
6746,4,random,2,1,3,1,2,1,2,0,12,0,26,0,0,1,1,Female,18-24 years old,0,Student,Never been married,Hispanic/Latino,Somewhat conservative,Christian/Catholic,Very religious,61,random
6747,4,random,4,2,3,2,0,1,1,2,3,0,27,4,1,2,0,Female,18-24 years old,0,Student,Never been married,Hispanic/Latino,Somewhat conservative,Christian/Catholic,Very religious,61,random
6748,4,random,0,1,2,1,0,2,2,2,4,1,28,0,-1,0,-1,Female,18-24 years old,0,Student,Never been married,Hispanic/Latino,Somewhat conservative,Christian/Catholic,Very religious,61,random
6749,4,random,2,1,1,1,4,0,3,1,8,1,29,-2,1,-2,0,Female,18-24 years old,0,Student,Never been married,Hispanic/Latino,Somewhat conservative,Christian/Catholic,Very religious,61,random
6750,4,random,4,0,3,0,0,0,3,1,53,0,30,4,0,0,-1,Female,18-24 years old,0,Student,Never been married,Hispanic/Latino,Somewhat conservative,Christian/Catholic,Very religious,61,random
6751,4,random,2,2,1,0,2,0,2,1,5,0,31,0,2,-1,-1,Female,18-24 years old,0,Student,Never been married,Hispanic/Latino,Somewhat conservative,Christian/Catholic,Very religious,61,random
6752,4,random,4,0,1,1,4,2,3,0,6,0,32,0,-2,-2,1,Female,18-24 years old,0,Student,Never been married,Hispanic/Latino,Somewhat conservative,Christian/Catholic,Very religious,61,random
6753,4,easy3,4,0,1,2,0,1,3,0,3,0,33,4,-1,-2,2,Female,18-24 years old,0,Student,Never been married,Hispanic/Latino,Somewhat conservative,Christian/Catholic,Very religious,61,easy3
6754,4,attcheck,4,0,-1,2,0,2,3,0,2,0,34,4,-2,-4,2,Female,18-24 years old,0,Student,Never been married,Hispanic/Latino,Somewhat conservative,Christian/Catholic,Very religious,61,attcheck
6755,4,random,0,0,2,0,0,2,2,0,8,1,35,0,-2,0,0,Female,18-24 years old,0,Student,Never been married,Hispanic/Latino,Somewhat conservative,Christian/Catholic,Very religious,61,random
6756,4,random,0,1,2,0,2,1,2,0,3,1,36,-2,0,0,0,Female,18-24 years old,0,Student,Never been married,Hispanic/Latino,Somewhat conservative,Christian/Catholic,Very religious,61,random
6757,4,hard3,0,1,2,2,2,0,2,0,3,1,37,-2,1,0,2,Female,18-24 years old,0,Student,Never been married,Hispanic/Latino,Somewhat conservative,Christian/Catholic,Very religious,61,hard3
6758,4,random,0,2,2,1,2,0,1,1,3,1,38,-2,2,1,0,Female,18-24 years old,0,Student,Never been married,Hispanic/Latino,Somewhat conservative,Christian/Catholic,Very religious,61,random
6759,4,attcheck,0,2,3,0,4,0,-1,2,3,1,39,-4,2,4,-2,Female,18-24 years old,0,Student,Never been married,Hispanic/Latino,Somewhat conservative,Christian/Catholic,Very religious,61,attcheck
6760,4,random,2,2,3,0,0,0,2,0,5,1,40,2,2,1,0,Female,18-24 years old,0,Student,Never been married,Hispanic/Latino,Somewhat conservative,Christian/Catholic,Very religious,61,random
6761,4,random,2,1,2,2,2,1,1,0,5,0,41,0,0,1,2,Female,18-24 years old,0,Student,Never been married,Hispanic/Latino,Somewhat conservative,Christian/Catholic,Very religious,61,random
6762,4,random,2,1,3,2,4,0,3,1,2,1,42,-2,1,0,1,Female,18-24 years old,0,Student,Never been married,Hispanic/Latino,Somewhat conservative,Christian/Catholic,Very religious,61,random
6763,4,random,2,2,1,0,0,2,1,1,3,1,43,2,0,0,-1,Female,18-24 years old,0,Student,Never been married,Hispanic/Latino,Somewhat conservative,Christian/Catholic,Very religious,61,random
6764,4,random,0,0,2,2,0,2,2,0,5,0,44,0,-2,0,2,Female,18-24 years old,0,Student,Never been married,Hispanic/Latino,Somewhat conservative,Christian/Catholic,Very religious,61,random
6765,4,easy2,4,0,1,2,0,2,3,0,3,0,45,4,-2,-2,2,Female,18-24 years old,0,Student,Never been married,Hispanic/Latino,Somewhat conservative,Christian/Catholic,Very religious,61,easy2
6766,4,random,2,1,1,0,2,0,3,0,5,1,46,0,1,-2,0,Female,18-24 years old,0,Student,Never been married,Hispanic/Latino,Somewhat conservative,Christian/Catholic,Very religious,61,random
6767,4,hard1,0,0,2,2,2,2,2,0,7,1,47,-2,-2,0,2,Female,18-24 years old,0,Student,Never been married,Hispanic/Latino,Somewhat conservative,Christian/Catholic,Very religious,61,hard1
6768,4,random,4,0,3,2,4,2,2,1,3,0,48,0,-2,1,1,Female,18-24 years old,0,Student,Never been married,Hispanic/Latino,Somewhat conservative,Christian/Catholic,Very religious,61,random
6769,4,random,4,2,3,0,0,1,2,1,3,0,49,4,1,1,-1,Female,18-24 years old,0,Student,Never been married,Hispanic/Latino,Somewhat conservative,Christian/Catholic,Very religious,61,random
6770,4,random,2,0,2,1,2,1,3,2,4,0,50,0,-1,-1,-1,Female,18-24 years old,0,Student,Never been married,Hispanic/Latino,Somewhat conservative,Christian/Catholic,Very religious,61,random
6771,4,random,4,1,2,1,2,0,3,1,3,0,51,2,1,-1,0,Female,18-24 years old,0,Student,Never been married,Hispanic/Latino,Somewhat conservative,Christian/Catholic,Very religious,61,random
6772,4,random,0,2,2,0,2,0,3,0,3,1,52,-2,2,-1,0,Female,18-24 years old,0,Student,Never been married,Hispanic/Latino,Somewhat conservative,Christian/Catholic,Very religious,61,random
6773,4,random,4,2,3,0,2,1,1,1,3,0,53,2,1,2,-1,Female,18-24 years old,0,Student,Never been married,Hispanic/Latino,Somewhat conservative,Christian/Catholic,Very religious,61,random
6774,4,attcheck,0,2,3,0,4,0,-1,2,2,1,54,-4,2,4,-2,Female,18-24 years old,0,Student,Never been married,Hispanic/Latino,Somewhat conservative,Christian/Catholic,Very religious,61,attcheck
6775,4,random,0,2,3,0,2,0,3,1,4,1,55,-2,2,0,-1,Female,18-24 years old,0,Student,Never been married,Hispanic/Latino,Somewhat conservative,Christian/Catholic,Very religious,61,random
6776,4,random,2,0,2,1,0,2,3,2,3,0,56,2,-2,-1,-1,Female,18-24 years old,0,Student,Never been married,Hispanic/Latino,Somewhat conservative,Christian/Catholic,Very religious,61,random
6777,4,random,2,2,1,1,2,1,1,0,3,0,57,0,1,0,1,Female,18-24 years old,0,Student,Never been married,Hispanic/Latino,Somewhat conservative,Christian/Catholic,Very religious,61,random
6778,4,random,2,2,3,1,2,0,1,1,5,1,58,0,2,2,0,Female,18-24 years old,0,Student,Never been married,Hispanic/Latino,Somewhat conservative,Christian/Catholic,Very religious,61,random
6779,4,random,0,2,3,2,4,2,2,2,2,1,59,-4,0,1,0,Female,18-24 years old,0,Student,Never been married,Hispanic/Latino,Somewhat conservative,Christian/Catholic,Very religious,61,random
